file,name,complete
mira_epitope_0_16607_AFLLFLVLI_FLAFLLFLV_FYLCFLAFL_FYLCFLAFLL_IDFYLCFLAF_IELSLIDFYL_LIDFYLCFL_LLFLVLIML_MIELSLIDFY_SLIDFYLCFL_YLCFLAFLL.tcrdist3.csv.dill,M0_16607_AFLLFLVLI_FLAFLLFLV_FYLCFLAFL_FYLCFLAFLL_IDFYLCFLAF_IELSLIDFYL_LIDFYLCFL_LLFLVLIML_MIELSLIDFY_SLIDFYLCFL_YLCFLAFLL,s3://fh-pi-gilbert-p/agartlan/ncov_tcrs/mira/mira_epitope_0_16607_AFLLFLVLI_FLAFLLFLV_FYLCFLAFL_FYLCFLAFLL_IDFYLCFLAF_IELSLIDFYL_LIDFYLCFL_LLFLVLIML_MIELSLIDFY_SLIDFYLCFL_YLCFLAFLL.tcrdist3.csv.dill
mira_epitope_100_189_AEIRASANL_AEIRASANLA_ASANLAATK.tcrdist3.csv.dill,M100_189_AEIRASANL_AEIRASANLA_ASANLAATK,s3://fh-pi-gilbert-p/agartlan/ncov_tcrs/mira/mira_epitope_100_189_AEIRASANL_AEIRASANLA_ASANLAATK.tcrdist3.csv.dill
mira_epitope_101_186_VLAWLYAAV.tcrdist3.csv.dill,M101_186_VLAWLYAAV,s3://fh-pi-gilbert-p/agartlan/ncov_tcrs/mira/mira_epitope_101_186_VLAWLYAAV.tcrdist3.csv.dill
mira_epitope_102_185_AYILFTRFFYV.tcrdist3.csv.dill,M102_185_AYILFTRFFYV,s3://fh-pi-gilbert-p/agartlan/ncov_tcrs/mira/mira_epitope_102_185_AYILFTRFFYV.tcrdist3.csv.dill
mira_epitope_10_2274_LSPRWYFYY_SPRWYFYYL.tcrdist3.csv.dill,M10_2274_LSPRWYFYY_SPRWYFYYL,s3://fh-pi-gilbert-p/agartlan/ncov_tcrs/mira/mira_epitope_10_2274_LSPRWYFYY_SPRWYFYYL.tcrdist3.csv.dill
mira_epitope_103_175_EEHVQIHTI.tcrdist3.csv.dill,M103_175_EEHVQIHTI,s3://fh-pi-gilbert-p/agartlan/ncov_tcrs/mira/mira_epitope_103_175_EEHVQIHTI.tcrdist3.csv.dill
mira_epitope_104_170_TLDSKTQSL.tcrdist3.csv.dill,M104_170_TLDSKTQSL,s3://fh-pi-gilbert-p/agartlan/ncov_tcrs/mira/mira_epitope_104_170_TLDSKTQSL.tcrdist3.csv.dill
mira_epitope_105_169_CNDPFLGVY_CNDPFLGVYY_FCNDPFLGVY.tcrdist3.csv.dill,M105_169_CNDPFLGVY_CNDPFLGVYY_FCNDPFLGVY,s3://fh-pi-gilbert-p/agartlan/ncov_tcrs/mira/mira_epitope_105_169_CNDPFLGVY_CNDPFLGVYY_FCNDPFLGVY.tcrdist3.csv.dill
mira_epitope_106_168_KTSVDCTMYI.tcrdist3.csv.dill,M106_168_KTSVDCTMYI,s3://fh-pi-gilbert-p/agartlan/ncov_tcrs/mira/mira_epitope_106_168_KTSVDCTMYI.tcrdist3.csv.dill
mira_epitope_107_158_HLVDFQVTI.tcrdist3.csv.dill,M107_158_HLVDFQVTI,s3://fh-pi-gilbert-p/agartlan/ncov_tcrs/mira/mira_epitope_107_158_HLVDFQVTI.tcrdist3.csv.dill
mira_epitope_108_149_SEPVLKGVKL.tcrdist3.csv.dill,M108_149_SEPVLKGVKL,s3://fh-pi-gilbert-p/agartlan/ncov_tcrs/mira/mira_epitope_108_149_SEPVLKGVKL.tcrdist3.csv.dill
mira_epitope_109_149_CTLKSFTVEK_SETKCTLKSF_TLKSFTVEK.tcrdist3.csv.dill,M109_149_CTLKSFTVEK_SETKCTLKSF_TLKSFTVEK,s3://fh-pi-gilbert-p/agartlan/ncov_tcrs/mira/mira_epitope_109_149_CTLKSFTVEK_SETKCTLKSF_TLKSFTVEK.tcrdist3.csv.dill
mira_epitope_110_148_ELIRQGTDY_QELIRQGTDY_QELIRQGTDYKHW.tcrdist3.csv.dill,M110_148_ELIRQGTDY_QELIRQGTDY_QELIRQGTDYKHW,s3://fh-pi-gilbert-p/agartlan/ncov_tcrs/mira/mira_epitope_110_148_ELIRQGTDY_QELIRQGTDY_QELIRQGTDYKHW.tcrdist3.csv.dill
mira_epitope_111_146_AEIPKEEVKPF_ASKIITLKK_SASKIITLK.tcrdist3.csv.dill,M111_146_AEIPKEEVKPF_ASKIITLKK_SASKIITLK,s3://fh-pi-gilbert-p/agartlan/ncov_tcrs/mira/mira_epitope_111_146_AEIPKEEVKPF_ASKIITLKK_SASKIITLK.tcrdist3.csv.dill
mira_epitope_112_145_CMTSCCSCLK_MTSCCSCLK.tcrdist3.csv.dill,M112_145_CMTSCCSCLK_MTSCCSCLK,s3://fh-pi-gilbert-p/agartlan/ncov_tcrs/mira/mira_epitope_112_145_CMTSCCSCLK_MTSCCSCLK.tcrdist3.csv.dill
mira_epitope_11_2250_ELYSPIFLI_LYSPIFLIV_QELYSPIFL_VQELYSPIF_VQELYSPIFL.tcrdist3.csv.dill,M11_2250_ELYSPIFLI_LYSPIFLIV_QELYSPIFL_VQELYSPIF_VQELYSPIFL,s3://fh-pi-gilbert-p/agartlan/ncov_tcrs/mira/mira_epitope_11_2250_ELYSPIFLI_LYSPIFLIV_QELYSPIFL_VQELYSPIF_VQELYSPIFL.tcrdist3.csv.dill
mira_epitope_113_145_KSWMESEFRV_SWMESEFRVY_WMESEFRVY.tcrdist3.csv.dill,M113_145_KSWMESEFRV_SWMESEFRVY_WMESEFRVY,s3://fh-pi-gilbert-p/agartlan/ncov_tcrs/mira/mira_epitope_113_145_KSWMESEFRV_SWMESEFRVY_WMESEFRVY.tcrdist3.csv.dill
mira_epitope_114_144_LPPAYTNSF.tcrdist3.csv.dill,M114_144_LPPAYTNSF,s3://fh-pi-gilbert-p/agartlan/ncov_tcrs/mira/mira_epitope_114_144_LPPAYTNSF.tcrdist3.csv.dill
mira_epitope_115_143_CPDGVKHVY_DGVKHVYQL_FAFACPDGVKHVY.tcrdist3.csv.dill,M115_143_CPDGVKHVY_DGVKHVYQL_FAFACPDGVKHVY,s3://fh-pi-gilbert-p/agartlan/ncov_tcrs/mira/mira_epitope_115_143_CPDGVKHVY_DGVKHVYQL_FAFACPDGVKHVY.tcrdist3.csv.dill
mira_epitope_116_140_EELKKLLEQW_KLLEQWNLV_QWNLVIGFLF.tcrdist3.csv.dill,M116_140_EELKKLLEQW_KLLEQWNLV_QWNLVIGFLF,s3://fh-pi-gilbert-p/agartlan/ncov_tcrs/mira/mira_epitope_116_140_EELKKLLEQW_KLLEQWNLV_QWNLVIGFLF.tcrdist3.csv.dill
mira_epitope_117_138_LPAADLDDF.tcrdist3.csv.dill,M117_138_LPAADLDDF,s3://fh-pi-gilbert-p/agartlan/ncov_tcrs/mira/mira_epitope_117_138_LPAADLDDF.tcrdist3.csv.dill
mira_epitope_118_136_ALNTPKDHI_ATEGALNTPK.tcrdist3.csv.dill,M118_136_ALNTPKDHI_ATEGALNTPK,s3://fh-pi-gilbert-p/agartlan/ncov_tcrs/mira/mira_epitope_118_136_ALNTPKDHI_ATEGALNTPK.tcrdist3.csv.dill
mira_epitope_119_127_VTIAEILLI.tcrdist3.csv.dill,M119_127_VTIAEILLI,s3://fh-pi-gilbert-p/agartlan/ncov_tcrs/mira/mira_epitope_119_127_VTIAEILLI.tcrdist3.csv.dill
mira_epitope_120_126_RIFTIGTVTLK.tcrdist3.csv.dill,M120_126_RIFTIGTVTLK,s3://fh-pi-gilbert-p/agartlan/ncov_tcrs/mira/mira_epitope_120_126_RIFTIGTVTLK.tcrdist3.csv.dill
mira_epitope_121_122_VFITLCFTL_VFITLCFTLK.tcrdist3.csv.dill,M121_122_VFITLCFTL_VFITLCFTLK,s3://fh-pi-gilbert-p/agartlan/ncov_tcrs/mira/mira_epitope_121_122_VFITLCFTL_VFITLCFTLK.tcrdist3.csv.dill
mira_epitope_12_1962_GMEVTPSGTWL_MEVTPSGTWL_TPSGTWLTY_VTPSGTWLTY.tcrdist3.csv.dill,M12_1962_GMEVTPSGTWL_MEVTPSGTWL_TPSGTWLTY_VTPSGTWLTY,s3://fh-pi-gilbert-p/agartlan/ncov_tcrs/mira/mira_epitope_12_1962_GMEVTPSGTWL_MEVTPSGTWL_TPSGTWLTY_VTPSGTWLTY.tcrdist3.csv.dill
mira_epitope_122_120_SLVKPSFYV.tcrdist3.csv.dill,M122_120_SLVKPSFYV,s3://fh-pi-gilbert-p/agartlan/ncov_tcrs/mira/mira_epitope_122_120_SLVKPSFYV.tcrdist3.csv.dill
mira_epitope_123_115_IPIQASLPF.tcrdist3.csv.dill,M123_115_IPIQASLPF,s3://fh-pi-gilbert-p/agartlan/ncov_tcrs/mira/mira_epitope_123_115_IPIQASLPF.tcrdist3.csv.dill
mira_epitope_124_115_STQDLFLPFF_TQDLFLPFF.tcrdist3.csv.dill,M124_115_STQDLFLPFF_TQDLFLPFF,s3://fh-pi-gilbert-p/agartlan/ncov_tcrs/mira/mira_epitope_124_115_STQDLFLPFF_TQDLFLPFF.tcrdist3.csv.dill
mira_epitope_125_110_AQVDVVNFNL_NYIAQVDVV.tcrdist3.csv.dill,M125_110_AQVDVVNFNL_NYIAQVDVV,s3://fh-pi-gilbert-p/agartlan/ncov_tcrs/mira/mira_epitope_125_110_AQVDVVNFNL_NYIAQVDVV.tcrdist3.csv.dill
mira_epitope_126_109_LLMPILTLT.tcrdist3.csv.dill,M126_109_LLMPILTLT,s3://fh-pi-gilbert-p/agartlan/ncov_tcrs/mira/mira_epitope_126_109_LLMPILTLT.tcrdist3.csv.dill
mira_epitope_127_109_GTHWFVTQR.tcrdist3.csv.dill,M127_109_GTHWFVTQR,s3://fh-pi-gilbert-p/agartlan/ncov_tcrs/mira/mira_epitope_127_109_GTHWFVTQR.tcrdist3.csv.dill
mira_epitope_128_108_IVDTVSALV.tcrdist3.csv.dill,M128_108_IVDTVSALV,s3://fh-pi-gilbert-p/agartlan/ncov_tcrs/mira/mira_epitope_128_108_IVDTVSALV.tcrdist3.csv.dill
mira_epitope_129_108_LVLSVNPYV.tcrdist3.csv.dill,M129_108_LVLSVNPYV,s3://fh-pi-gilbert-p/agartlan/ncov_tcrs/mira/mira_epitope_129_108_LVLSVNPYV.tcrdist3.csv.dill
mira_epitope_130_106_SSNVANYQK.tcrdist3.csv.dill,M130_106_SSNVANYQK,s3://fh-pi-gilbert-p/agartlan/ncov_tcrs/mira/mira_epitope_130_106_SSNVANYQK.tcrdist3.csv.dill
mira_epitope_131_104_HLMSFPQSA_YHLMSFPQSA.tcrdist3.csv.dill,M131_104_HLMSFPQSA_YHLMSFPQSA,s3://fh-pi-gilbert-p/agartlan/ncov_tcrs/mira/mira_epitope_131_104_HLMSFPQSA_YHLMSFPQSA.tcrdist3.csv.dill
mira_epitope_13_1948_LLDDFVEII_LLLDDFVEI.tcrdist3.csv.dill,M13_1948_LLDDFVEII_LLLDDFVEI,s3://fh-pi-gilbert-p/agartlan/ncov_tcrs/mira/mira_epitope_13_1948_LLDDFVEII_LLLDDFVEI.tcrdist3.csv.dill
mira_epitope_132_104_AIAMACLVGL_IAMACLVGLM.tcrdist3.csv.dill,M132_104_AIAMACLVGL_IAMACLVGLM,s3://fh-pi-gilbert-p/agartlan/ncov_tcrs/mira/mira_epitope_132_104_AIAMACLVGL_IAMACLVGLM.tcrdist3.csv.dill
mira_epitope_133_102_NQKLIANQF.tcrdist3.csv.dill,M133_102_NQKLIANQF,s3://fh-pi-gilbert-p/agartlan/ncov_tcrs/mira/mira_epitope_133_102_NQKLIANQF.tcrdist3.csv.dill
mira_epitope_134_100_LLFNKVTLA.tcrdist3.csv.dill,M134_100_LLFNKVTLA,s3://fh-pi-gilbert-p/agartlan/ncov_tcrs/mira/mira_epitope_134_100_LLFNKVTLA.tcrdist3.csv.dill
mira_epitope_135_100_DLPIGINITR_INITRFQTL_LPIGINITRF.tcrdist3.csv.dill,M135_100_DLPIGINITR_INITRFQTL_LPIGINITRF,s3://fh-pi-gilbert-p/agartlan/ncov_tcrs/mira/mira_epitope_135_100_DLPIGINITR_INITRFQTL_LPIGINITRF.tcrdist3.csv.dill
mira_epitope_136_97_YEGNSPFHPL.tcrdist3.csv.dill,M136_97_YEGNSPFHPL,s3://fh-pi-gilbert-p/agartlan/ncov_tcrs/mira/mira_epitope_136_97_YEGNSPFHPL.tcrdist3.csv.dill
mira_epitope_137_96_ADAGFIKQY_AELEGIQY_LADAGFIKQY_TLADAGFIK.tcrdist3.csv.dill,M137_96_ADAGFIKQY_AELEGIQY_LADAGFIKQY_TLADAGFIK,s3://fh-pi-gilbert-p/agartlan/ncov_tcrs/mira/mira_epitope_137_96_ADAGFIKQY_AELEGIQY_LADAGFIKQY_TLADAGFIK.tcrdist3.csv.dill
mira_epitope_138_94_QTNSPRRAR_SPRRARSVA_SYQTQTNSPR_TQTNSPRRAR.tcrdist3.csv.dill,M138_94_QTNSPRRAR_SPRRARSVA_SYQTQTNSPR_TQTNSPRRAR,s3://fh-pi-gilbert-p/agartlan/ncov_tcrs/mira/mira_epitope_138_94_QTNSPRRAR_SPRRARSVA_SYQTQTNSPR_TQTNSPRRAR.tcrdist3.csv.dill
mira_epitope_139_93_FADDLNQLTGY.tcrdist3.csv.dill,M139_93_FADDLNQLTGY,s3://fh-pi-gilbert-p/agartlan/ncov_tcrs/mira/mira_epitope_139_93_FADDLNQLTGY.tcrdist3.csv.dill
mira_epitope_140_92_NSSPDDQIGY_NTNSSPDDQIGYY_SSPDDQIGY_SSPDDQIGYY.tcrdist3.csv.dill,M140_92_NSSPDDQIGY_NTNSSPDDQIGYY_SSPDDQIGY_SSPDDQIGYY,s3://fh-pi-gilbert-p/agartlan/ncov_tcrs/mira/mira_epitope_140_92_NSSPDDQIGY_NTNSSPDDQIGYY_SSPDDQIGY_SSPDDQIGYY.tcrdist3.csv.dill
mira_epitope_141_89_IGAGICASY_IPIGAGICASY.tcrdist3.csv.dill,M141_89_IGAGICASY_IPIGAGICASY,s3://fh-pi-gilbert-p/agartlan/ncov_tcrs/mira/mira_epitope_141_89_IGAGICASY_IPIGAGICASY.tcrdist3.csv.dill
mira_epitope_14_1910_AEAELAKNVSL_AELAKNVSLDNVL.tcrdist3.csv.dill,M14_1910_AEAELAKNVSL_AELAKNVSLDNVL,s3://fh-pi-gilbert-p/agartlan/ncov_tcrs/mira/mira_epitope_14_1910_AEAELAKNVSL_AELAKNVSLDNVL.tcrdist3.csv.dill
mira_epitope_142_86_GVYDYLVST_TLGVYDYLV.tcrdist3.csv.dill,M142_86_GVYDYLVST_TLGVYDYLV,s3://fh-pi-gilbert-p/agartlan/ncov_tcrs/mira/mira_epitope_142_86_GVYDYLVST_TLGVYDYLV.tcrdist3.csv.dill
mira_epitope_143_84_KVFRSSVLH_VYYPDKVFR_YPDKVFRSS_YPDKVFRSSV.tcrdist3.csv.dill,M143_84_KVFRSSVLH_VYYPDKVFR_YPDKVFRSS_YPDKVFRSSV,s3://fh-pi-gilbert-p/agartlan/ncov_tcrs/mira/mira_epitope_143_84_KVFRSSVLH_VYYPDKVFR_YPDKVFRSS_YPDKVFRSSV.tcrdist3.csv.dill
mira_epitope_144_79_KEIDRLNEV.tcrdist3.csv.dill,M144_79_KEIDRLNEV,s3://fh-pi-gilbert-p/agartlan/ncov_tcrs/mira/mira_epitope_144_79_KEIDRLNEV.tcrdist3.csv.dill
mira_epitope_145_79_TSNQVAVLY.tcrdist3.csv.dill,M145_79_TSNQVAVLY,s3://fh-pi-gilbert-p/agartlan/ncov_tcrs/mira/mira_epitope_145_79_TSNQVAVLY.tcrdist3.csv.dill
mira_epitope_146_76_APGQTGKIA_GQTGKIADY_KIADYNYKL_QTGKIADYNY_RQIAPGQTGK.tcrdist3.csv.dill,M146_76_APGQTGKIA_GQTGKIADY_KIADYNYKL_QTGKIADYNY_RQIAPGQTGK,s3://fh-pi-gilbert-p/agartlan/ncov_tcrs/mira/mira_epitope_146_76_APGQTGKIA_GQTGKIADY_KIADYNYKL_QTGKIADYNY_RQIAPGQTGK.tcrdist3.csv.dill
mira_epitope_147_73_DLFMRIFTI_MDLFMRIFTI.tcrdist3.csv.dill,M147_73_DLFMRIFTI_MDLFMRIFTI,s3://fh-pi-gilbert-p/agartlan/ncov_tcrs/mira/mira_epitope_147_73_DLFMRIFTI_MDLFMRIFTI.tcrdist3.csv.dill
mira_epitope_148_70_HVTYVPAQEK_TYVPAQEKNF_VTYVPAQEK.tcrdist3.csv.dill,M148_70_HVTYVPAQEK_TYVPAQEKNF_VTYVPAQEK,s3://fh-pi-gilbert-p/agartlan/ncov_tcrs/mira/mira_epitope_148_70_HVTYVPAQEK_TYVPAQEKNF_VTYVPAQEK.tcrdist3.csv.dill
mira_epitope_149_66_GAEHVNNSY_IGAEHVNNSY.tcrdist3.csv.dill,M149_66_GAEHVNNSY_IGAEHVNNSY,s3://fh-pi-gilbert-p/agartlan/ncov_tcrs/mira/mira_epitope_149_66_GAEHVNNSY_IGAEHVNNSY.tcrdist3.csv.dill
mira_epitope_150_65_NYSGVVTTVMF.tcrdist3.csv.dill,M150_65_NYSGVVTTVMF,s3://fh-pi-gilbert-p/agartlan/ncov_tcrs/mira/mira_epitope_150_65_NYSGVVTTVMF.tcrdist3.csv.dill
mira_epitope_151_64_IPFAMQMAY_LQIPFAMQM.tcrdist3.csv.dill,M151_64_IPFAMQMAY_LQIPFAMQM,s3://fh-pi-gilbert-p/agartlan/ncov_tcrs/mira/mira_epitope_151_64_IPFAMQMAY_LQIPFAMQM.tcrdist3.csv.dill
mira_epitope_15_1763_DFLEYHDVR_EDFLEYHDVR_LEYHDVRVV_LEYHDVRVVL_YEDFLEYHDVRVVL.tcrdist3.csv.dill,M15_1763_DFLEYHDVR_EDFLEYHDVR_LEYHDVRVV_LEYHDVRVVL_YEDFLEYHDVRVVL,s3://fh-pi-gilbert-p/agartlan/ncov_tcrs/mira/mira_epitope_15_1763_DFLEYHDVR_EDFLEYHDVR_LEYHDVRVV_LEYHDVRVVL_YEDFLEYHDVRVVL.tcrdist3.csv.dill
mira_epitope_152_63_HLRIAGHHL_RIAGHHLGR.tcrdist3.csv.dill,M152_63_HLRIAGHHL_RIAGHHLGR,s3://fh-pi-gilbert-p/agartlan/ncov_tcrs/mira/mira_epitope_152_63_HLRIAGHHL_RIAGHHLGR.tcrdist3.csv.dill
mira_epitope_153_63_GVYYHKNNK_VPLHGTIL_YYHKNNKSW.tcrdist3.csv.dill,M153_63_GVYYHKNNK_VPLHGTIL_YYHKNNKSW,s3://fh-pi-gilbert-p/agartlan/ncov_tcrs/mira/mira_epitope_153_63_GVYYHKNNK_VPLHGTIL_YYHKNNKSW.tcrdist3.csv.dill
mira_epitope_154_61_SEETGTLIV.tcrdist3.csv.dill,M154_61_SEETGTLIV,s3://fh-pi-gilbert-p/agartlan/ncov_tcrs/mira/mira_epitope_154_61_SEETGTLIV.tcrdist3.csv.dill
mira_epitope_155_59_RARSVSPKL_SVSPKLFIR.tcrdist3.csv.dill,M155_59_RARSVSPKL_SVSPKLFIR,s3://fh-pi-gilbert-p/agartlan/ncov_tcrs/mira/mira_epitope_155_59_RARSVSPKL_SVSPKLFIR.tcrdist3.csv.dill
mira_epitope_156_59_GTTLPKGFY_LQLPQGTTL_QLPQGTTLPK_TTLPKGFYA_VLQLPQGTTL.tcrdist3.csv.dill,M156_59_GTTLPKGFY_LQLPQGTTL_QLPQGTTLPK_TTLPKGFYA_VLQLPQGTTL,s3://fh-pi-gilbert-p/agartlan/ncov_tcrs/mira/mira_epitope_156_59_GTTLPKGFY_LQLPQGTTL_QLPQGTTLPK_TTLPKGFYA_VLQLPQGTTL.tcrdist3.csv.dill
mira_epitope_157_57_ITLKKRWQL_LKKRWQLAL_TLKKRWQLA_TLKKRWQLAL.tcrdist3.csv.dill,M157_57_ITLKKRWQL_LKKRWQLAL_TLKKRWQLA_TLKKRWQLAL,s3://fh-pi-gilbert-p/agartlan/ncov_tcrs/mira/mira_epitope_157_57_ITLKKRWQL_LKKRWQLAL_TLKKRWQLA_TLKKRWQLAL.tcrdist3.csv.dill
mira_epitope_158_57_IPRRNVATL.tcrdist3.csv.dill,M158_57_IPRRNVATL,s3://fh-pi-gilbert-p/agartlan/ncov_tcrs/mira/mira_epitope_158_57_IPRRNVATL.tcrdist3.csv.dill
mira_epitope_159_55_FTYASALWEI.tcrdist3.csv.dill,M159_55_FTYASALWEI,s3://fh-pi-gilbert-p/agartlan/ncov_tcrs/mira/mira_epitope_159_55_FTYASALWEI.tcrdist3.csv.dill
mira_epitope_160_54_NLDSKVGGNY.tcrdist3.csv.dill,M160_54_NLDSKVGGNY,s3://fh-pi-gilbert-p/agartlan/ncov_tcrs/mira/mira_epitope_160_54_NLDSKVGGNY.tcrdist3.csv.dill
mira_epitope_161_54_LYNSASFSTF_NSASFSTFK_SVLYNSASF_YSVLYNSASF.tcrdist3.csv.dill,M161_54_LYNSASFSTF_NSASFSTFK_SVLYNSASF_YSVLYNSASF,s3://fh-pi-gilbert-p/agartlan/ncov_tcrs/mira/mira_epitope_161_54_LYNSASFSTF_NSASFSTFK_SVLYNSASF_YSVLYNSASF.tcrdist3.csv.dill
mira_epitope_16_1683_QYIKWPWYI_YEQYIKWPW_YEQYIKWPWY.tcrdist3.csv.dill,M16_1683_QYIKWPWYI_YEQYIKWPW_YEQYIKWPWY,s3://fh-pi-gilbert-p/agartlan/ncov_tcrs/mira/mira_epitope_16_1683_QYIKWPWYI_YEQYIKWPW_YEQYIKWPWY.tcrdist3.csv.dill
mira_epitope_162_54_GTITSGWTF.tcrdist3.csv.dill,M162_54_GTITSGWTF,s3://fh-pi-gilbert-p/agartlan/ncov_tcrs/mira/mira_epitope_162_54_GTITSGWTF.tcrdist3.csv.dill
mira_epitope_163_52_TVYDPLQPELDSFK.tcrdist3.csv.dill,M163_52_TVYDPLQPELDSFK,s3://fh-pi-gilbert-p/agartlan/ncov_tcrs/mira/mira_epitope_163_52_TVYDPLQPELDSFK.tcrdist3.csv.dill
mira_epitope_164_51_GVAMPNLYK.tcrdist3.csv.dill,M164_51_GVAMPNLYK,s3://fh-pi-gilbert-p/agartlan/ncov_tcrs/mira/mira_epitope_164_51_GVAMPNLYK.tcrdist3.csv.dill
mira_epitope_165_51_QQQGQTVTK_QQQQGQTVTK.tcrdist3.csv.dill,M165_51_QQQGQTVTK_QQQQGQTVTK,s3://fh-pi-gilbert-p/agartlan/ncov_tcrs/mira/mira_epitope_165_51_QQQGQTVTK_QQQQGQTVTK.tcrdist3.csv.dill
mira_epitope_166_50_RLDKVEAEV.tcrdist3.csv.dill,M166_50_RLDKVEAEV,s3://fh-pi-gilbert-p/agartlan/ncov_tcrs/mira/mira_epitope_166_50_RLDKVEAEV.tcrdist3.csv.dill
mira_epitope_167_48_FPRGQGVPI_KFPRGQGVPI.tcrdist3.csv.dill,M167_48_FPRGQGVPI_KFPRGQGVPI,s3://fh-pi-gilbert-p/agartlan/ncov_tcrs/mira/mira_epitope_167_48_FPRGQGVPI_KFPRGQGVPI.tcrdist3.csv.dill
mira_epitope_168_48_FLLNKEMYL.tcrdist3.csv.dill,M168_48_FLLNKEMYL,s3://fh-pi-gilbert-p/agartlan/ncov_tcrs/mira/mira_epitope_168_48_FLLNKEMYL.tcrdist3.csv.dill
mira_epitope_169_48_ISDYDYYRY.tcrdist3.csv.dill,M169_48_ISDYDYYRY,s3://fh-pi-gilbert-p/agartlan/ncov_tcrs/mira/mira_epitope_169_48_ISDYDYYRY.tcrdist3.csv.dill
mira_epitope_170_47_SVLNDILSR_VLNDILSRL.tcrdist3.csv.dill,M170_47_SVLNDILSR_VLNDILSRL,s3://fh-pi-gilbert-p/agartlan/ncov_tcrs/mira/mira_epitope_170_47_SVLNDILSR_VLNDILSRL.tcrdist3.csv.dill
mira_epitope_171_46_RISNCVADY.tcrdist3.csv.dill,M171_46_RISNCVADY,s3://fh-pi-gilbert-p/agartlan/ncov_tcrs/mira/mira_epitope_171_46_RISNCVADY.tcrdist3.csv.dill
mira_epitope_17_1605_SELVIGAVI_SELVIGAVIL.tcrdist3.csv.dill,M17_1605_SELVIGAVI_SELVIGAVIL,s3://fh-pi-gilbert-p/agartlan/ncov_tcrs/mira/mira_epitope_17_1605_SELVIGAVI_SELVIGAVIL.tcrdist3.csv.dill
mira_epitope_172_46_HTDFSSEIIGY.tcrdist3.csv.dill,M172_46_HTDFSSEIIGY,s3://fh-pi-gilbert-p/agartlan/ncov_tcrs/mira/mira_epitope_172_46_HTDFSSEIIGY.tcrdist3.csv.dill
mira_epitope_173_45_FVRATATIPI.tcrdist3.csv.dill,M173_45_FVRATATIPI,s3://fh-pi-gilbert-p/agartlan/ncov_tcrs/mira/mira_epitope_173_45_FVRATATIPI.tcrdist3.csv.dill
mira_epitope_174_45_LLLQYGSFC_LLQYGSFCT.tcrdist3.csv.dill,M174_45_LLLQYGSFC_LLQYGSFCT,s3://fh-pi-gilbert-p/agartlan/ncov_tcrs/mira/mira_epitope_174_45_LLLQYGSFC_LLQYGSFCT.tcrdist3.csv.dill
mira_epitope_175_44_MMISAGFSL.tcrdist3.csv.dill,M175_44_MMISAGFSL,s3://fh-pi-gilbert-p/agartlan/ncov_tcrs/mira/mira_epitope_175_44_MMISAGFSL.tcrdist3.csv.dill
mira_epitope_176_44_SSTFNVPMEKLK.tcrdist3.csv.dill,M176_44_SSTFNVPMEKLK,s3://fh-pi-gilbert-p/agartlan/ncov_tcrs/mira/mira_epitope_176_44_SSTFNVPMEKLK.tcrdist3.csv.dill
mira_epitope_177_42_ALLADKFPV.tcrdist3.csv.dill,M177_42_ALLADKFPV,s3://fh-pi-gilbert-p/agartlan/ncov_tcrs/mira/mira_epitope_177_42_ALLADKFPV.tcrdist3.csv.dill
mira_epitope_178_41_YYRRATRRIR.tcrdist3.csv.dill,M178_41_YYRRATRRIR,s3://fh-pi-gilbert-p/agartlan/ncov_tcrs/mira/mira_epitope_178_41_YYRRATRRIR.tcrdist3.csv.dill
mira_epitope_179_41_IVGVALLAVF_VGVALLAVF.tcrdist3.csv.dill,M179_41_IVGVALLAVF_VGVALLAVF,s3://fh-pi-gilbert-p/agartlan/ncov_tcrs/mira/mira_epitope_179_41_IVGVALLAVF_VGVALLAVF.tcrdist3.csv.dill
mira_epitope_180_40_TTLPVNVAF.tcrdist3.csv.dill,M180_40_TTLPVNVAF,s3://fh-pi-gilbert-p/agartlan/ncov_tcrs/mira/mira_epitope_180_40_TTLPVNVAF.tcrdist3.csv.dill
mira_epitope_181_40_ATVVIGTSK.tcrdist3.csv.dill,M181_40_ATVVIGTSK,s3://fh-pi-gilbert-p/agartlan/ncov_tcrs/mira/mira_epitope_181_40_ATVVIGTSK.tcrdist3.csv.dill
mira_epitope_18_1578_FPNITNLCPF_QPTESIVRF_RFPNITNLCPF_TESIVRFPNI_VQPTESIVRF_VRFPNITNL.tcrdist3.csv.dill,M18_1578_FPNITNLCPF_QPTESIVRF_RFPNITNLCPF_TESIVRFPNI_VQPTESIVRF_VRFPNITNL,s3://fh-pi-gilbert-p/agartlan/ncov_tcrs/mira/mira_epitope_18_1578_FPNITNLCPF_QPTESIVRF_RFPNITNLCPF_TESIVRFPNI_VQPTESIVRF_VRFPNITNL.tcrdist3.csv.dill
mira_epitope_182_39_NLWNTFTRL.tcrdist3.csv.dill,M182_39_NLWNTFTRL,s3://fh-pi-gilbert-p/agartlan/ncov_tcrs/mira/mira_epitope_182_39_NLWNTFTRL.tcrdist3.csv.dill
mira_epitope_1_8260_HTTDPSFLGRY.tcrdist3.csv.dill,M1_8260_HTTDPSFLGRY,s3://fh-pi-gilbert-p/agartlan/ncov_tcrs/mira/mira_epitope_1_8260_HTTDPSFLGRY.tcrdist3.csv.dill
mira_epitope_183_39_RIRGGDGKM_RIRGGDGKMK.tcrdist3.csv.dill,M183_39_RIRGGDGKM_RIRGGDGKMK,s3://fh-pi-gilbert-p/agartlan/ncov_tcrs/mira/mira_epitope_183_39_RIRGGDGKM_RIRGGDGKMK.tcrdist3.csv.dill
mira_epitope_184_39_TFYLTNDVSFL.tcrdist3.csv.dill,M184_39_TFYLTNDVSFL,s3://fh-pi-gilbert-p/agartlan/ncov_tcrs/mira/mira_epitope_184_39_TFYLTNDVSFL.tcrdist3.csv.dill
mira_epitope_185_39_ASQRVAGDSGFAAY_DSGFAAYSR_VAGDSGFAAY.tcrdist3.csv.dill,M185_39_ASQRVAGDSGFAAY_DSGFAAYSR_VAGDSGFAAY,s3://fh-pi-gilbert-p/agartlan/ncov_tcrs/mira/mira_epitope_185_39_ASQRVAGDSGFAAY_DSGFAAYSR_VAGDSGFAAY.tcrdist3.csv.dill
mira_epitope_186_36_LLSAGIFGA.tcrdist3.csv.dill,M186_36_LLSAGIFGA,s3://fh-pi-gilbert-p/agartlan/ncov_tcrs/mira/mira_epitope_186_36_LLSAGIFGA.tcrdist3.csv.dill
mira_epitope_187_36_ALNTLVKQL_AQALNTLVK.tcrdist3.csv.dill,M187_36_ALNTLVKQL_AQALNTLVK,s3://fh-pi-gilbert-p/agartlan/ncov_tcrs/mira/mira_epitope_187_36_ALNTLVKQL_AQALNTLVK.tcrdist3.csv.dill
mira_epitope_188_33_GMSRIGMEV_SRIGMEVTPSGTW.tcrdist3.csv.dill,M188_33_GMSRIGMEV_SRIGMEVTPSGTW,s3://fh-pi-gilbert-p/agartlan/ncov_tcrs/mira/mira_epitope_188_33_GMSRIGMEV_SRIGMEVTPSGTW.tcrdist3.csv.dill
mira_epitope_189_33_IYSKHTPINL.tcrdist3.csv.dill,M189_33_IYSKHTPINL,s3://fh-pi-gilbert-p/agartlan/ncov_tcrs/mira/mira_epitope_189_33_IYSKHTPINL.tcrdist3.csv.dill
mira_epitope_190_33_KMKDLSPRW.tcrdist3.csv.dill,M190_33_KMKDLSPRW,s3://fh-pi-gilbert-p/agartlan/ncov_tcrs/mira/mira_epitope_190_33_KMKDLSPRW.tcrdist3.csv.dill
mira_epitope_191_32_TEKSNIIRGW.tcrdist3.csv.dill,M191_32_TEKSNIIRGW,s3://fh-pi-gilbert-p/agartlan/ncov_tcrs/mira/mira_epitope_191_32_TEKSNIIRGW.tcrdist3.csv.dill
mira_epitope_19_1556_FLPRVFSAV.tcrdist3.csv.dill,M19_1556_FLPRVFSAV,s3://fh-pi-gilbert-p/agartlan/ncov_tcrs/mira/mira_epitope_19_1556_FLPRVFSAV.tcrdist3.csv.dill
mira_epitope_192_31_FQPTNGVGY.tcrdist3.csv.dill,M192_31_FQPTNGVGY,s3://fh-pi-gilbert-p/agartlan/ncov_tcrs/mira/mira_epitope_192_31_FQPTNGVGY.tcrdist3.csv.dill
mira_epitope_193_31_VLQAVGACV.tcrdist3.csv.dill,M193_31_VLQAVGACV,s3://fh-pi-gilbert-p/agartlan/ncov_tcrs/mira/mira_epitope_193_31_VLQAVGACV.tcrdist3.csv.dill
mira_epitope_194_29_RILGAGCFV.tcrdist3.csv.dill,M194_29_RILGAGCFV,s3://fh-pi-gilbert-p/agartlan/ncov_tcrs/mira/mira_epitope_194_29_RILGAGCFV.tcrdist3.csv.dill
mira_epitope_195_29_IYKTPPIKDF_KQIYKTPPIK.tcrdist3.csv.dill,M195_29_IYKTPPIKDF_KQIYKTPPIK,s3://fh-pi-gilbert-p/agartlan/ncov_tcrs/mira/mira_epitope_195_29_IYKTPPIKDF_KQIYKTPPIK.tcrdist3.csv.dill
mira_epitope_196_29_TSDLATNNLVVMAY.tcrdist3.csv.dill,M196_29_TSDLATNNLVVMAY,s3://fh-pi-gilbert-p/agartlan/ncov_tcrs/mira/mira_epitope_196_29_TSDLATNNLVVMAY.tcrdist3.csv.dill
mira_epitope_197_27_TEILPVSMTK.tcrdist3.csv.dill,M197_27_TEILPVSMTK,s3://fh-pi-gilbert-p/agartlan/ncov_tcrs/mira/mira_epitope_197_27_TEILPVSMTK.tcrdist3.csv.dill
mira_epitope_198_25_FSKQLQQSM.tcrdist3.csv.dill,M198_25_FSKQLQQSM,s3://fh-pi-gilbert-p/agartlan/ncov_tcrs/mira/mira_epitope_198_25_FSKQLQQSM.tcrdist3.csv.dill
mira_epitope_199_24_RLFRKSNLK.tcrdist3.csv.dill,M199_24_RLFRKSNLK,s3://fh-pi-gilbert-p/agartlan/ncov_tcrs/mira/mira_epitope_199_24_RLFRKSNLK.tcrdist3.csv.dill
mira_epitope_200_24_QEVFAQVKQIY_VFAQVKQIYK.tcrdist3.csv.dill,M200_24_QEVFAQVKQIY_VFAQVKQIYK,s3://fh-pi-gilbert-p/agartlan/ncov_tcrs/mira/mira_epitope_200_24_QEVFAQVKQIY_VFAQVKQIYK.tcrdist3.csv.dill
mira_epitope_201_23_IPYNSVTSSI_PYNSVTSSI.tcrdist3.csv.dill,M201_23_IPYNSVTSSI_PYNSVTSSI,s3://fh-pi-gilbert-p/agartlan/ncov_tcrs/mira/mira_epitope_201_23_IPYNSVTSSI_PYNSVTSSI.tcrdist3.csv.dill
mira_epitope_20_1520_IMLIIFWFSL_MLIIFWFSL.tcrdist3.csv.dill,M20_1520_IMLIIFWFSL_MLIIFWFSL,s3://fh-pi-gilbert-p/agartlan/ncov_tcrs/mira/mira_epitope_20_1520_IMLIIFWFSL_MLIIFWFSL.tcrdist3.csv.dill
mira_epitope_202_23_AIMTRCLAV.tcrdist3.csv.dill,M202_23_AIMTRCLAV,s3://fh-pi-gilbert-p/agartlan/ncov_tcrs/mira/mira_epitope_202_23_AIMTRCLAV.tcrdist3.csv.dill
mira_epitope_203_22_AENSVAYSN_AENSVAYSNN_LGAENSVAY.tcrdist3.csv.dill,M203_22_AENSVAYSN_AENSVAYSNN_LGAENSVAY,s3://fh-pi-gilbert-p/agartlan/ncov_tcrs/mira/mira_epitope_203_22_AENSVAYSN_AENSVAYSNN_LGAENSVAY.tcrdist3.csv.dill
mira_epitope_204_21_LSDDAVVCFNSTY.tcrdist3.csv.dill,M204_21_LSDDAVVCFNSTY,s3://fh-pi-gilbert-p/agartlan/ncov_tcrs/mira/mira_epitope_204_21_LSDDAVVCFNSTY.tcrdist3.csv.dill
mira_epitope_205_21_YYQLYSTQL.tcrdist3.csv.dill,M205_21_YYQLYSTQL,s3://fh-pi-gilbert-p/agartlan/ncov_tcrs/mira/mira_epitope_205_21_YYQLYSTQL.tcrdist3.csv.dill
mira_epitope_206_21_EEEFEPSTQYEY_GDCEEEEFEPSTQY.tcrdist3.csv.dill,M206_21_EEEFEPSTQYEY_GDCEEEEFEPSTQY,s3://fh-pi-gilbert-p/agartlan/ncov_tcrs/mira/mira_epitope_206_21_EEEFEPSTQYEY_GDCEEEEFEPSTQY.tcrdist3.csv.dill
mira_epitope_207_20_KLFIRQEEV.tcrdist3.csv.dill,M207_20_KLFIRQEEV,s3://fh-pi-gilbert-p/agartlan/ncov_tcrs/mira/mira_epitope_207_20_KLFIRQEEV.tcrdist3.csv.dill
mira_epitope_208_19_LLCRMNSRNY_LLLCRMNSR_RMNSRNYIA_SLLLCRMNSR.tcrdist3.csv.dill,M208_19_LLCRMNSRNY_LLLCRMNSR_RMNSRNYIA_SLLLCRMNSR,s3://fh-pi-gilbert-p/agartlan/ncov_tcrs/mira/mira_epitope_208_19_LLCRMNSRNY_LLLCRMNSR_RMNSRNYIA_SLLLCRMNSR.tcrdist3.csv.dill
mira_epitope_209_19_YVFCTVNAL.tcrdist3.csv.dill,M209_19_YVFCTVNAL,s3://fh-pi-gilbert-p/agartlan/ncov_tcrs/mira/mira_epitope_209_19_YVFCTVNAL.tcrdist3.csv.dill
mira_epitope_210_18_KMQRMLLEK.tcrdist3.csv.dill,M210_18_KMQRMLLEK,s3://fh-pi-gilbert-p/agartlan/ncov_tcrs/mira/mira_epitope_210_18_KMQRMLLEK.tcrdist3.csv.dill
mira_epitope_211_17_RLYYDSMSY.tcrdist3.csv.dill,M211_17_RLYYDSMSY,s3://fh-pi-gilbert-p/agartlan/ncov_tcrs/mira/mira_epitope_211_17_RLYYDSMSY.tcrdist3.csv.dill
mira_epitope_21_1519_VLWAHGFEL.tcrdist3.csv.dill,M21_1519_VLWAHGFEL,s3://fh-pi-gilbert-p/agartlan/ncov_tcrs/mira/mira_epitope_21_1519_VLWAHGFEL.tcrdist3.csv.dill
mira_epitope_212_17_AGAAAYYVGY_GAAAYYVGY_WTAGAAAYY_WTAGAAAYYV.tcrdist3.csv.dill,M212_17_AGAAAYYVGY_GAAAYYVGY_WTAGAAAYY_WTAGAAAYYV,s3://fh-pi-gilbert-p/agartlan/ncov_tcrs/mira/mira_epitope_212_17_AGAAAYYVGY_GAAAYYVGY_WTAGAAAYY_WTAGAAAYYV.tcrdist3.csv.dill
mira_epitope_213_16_YYRARAGEAANF.tcrdist3.csv.dill,M213_16_YYRARAGEAANF,s3://fh-pi-gilbert-p/agartlan/ncov_tcrs/mira/mira_epitope_213_16_YYRARAGEAANF.tcrdist3.csv.dill
mira_epitope_214_16_YLKLTDNVYIK.tcrdist3.csv.dill,M214_16_YLKLTDNVYIK,s3://fh-pi-gilbert-p/agartlan/ncov_tcrs/mira/mira_epitope_214_16_YLKLTDNVYIK.tcrdist3.csv.dill
mira_epitope_215_16_LDYIINLII.tcrdist3.csv.dill,M215_16_LDYIINLII,s3://fh-pi-gilbert-p/agartlan/ncov_tcrs/mira/mira_epitope_215_16_LDYIINLII.tcrdist3.csv.dill
mira_epitope_216_15_RYRIGNYKL.tcrdist3.csv.dill,M216_15_RYRIGNYKL,s3://fh-pi-gilbert-p/agartlan/ncov_tcrs/mira/mira_epitope_216_15_RYRIGNYKL.tcrdist3.csv.dill
mira_epitope_217_14_AIILASFSA_ILASFSAST.tcrdist3.csv.dill,M217_14_AIILASFSA_ILASFSAST,s3://fh-pi-gilbert-p/agartlan/ncov_tcrs/mira/mira_epitope_217_14_AIILASFSA_ILASFSAST.tcrdist3.csv.dill
mira_epitope_218_14_TSPISEHDY_TTSPISEHDY.tcrdist3.csv.dill,M218_14_TSPISEHDY_TTSPISEHDY,s3://fh-pi-gilbert-p/agartlan/ncov_tcrs/mira/mira_epitope_218_14_TSPISEHDY_TTSPISEHDY.tcrdist3.csv.dill
mira_epitope_219_14_ALDPLSETK_CALDPLSETK.tcrdist3.csv.dill,M219_14_ALDPLSETK_CALDPLSETK,s3://fh-pi-gilbert-p/agartlan/ncov_tcrs/mira/mira_epitope_219_14_ALDPLSETK_CALDPLSETK.tcrdist3.csv.dill
mira_epitope_220_14_LLALHRSYL.tcrdist3.csv.dill,M220_14_LLALHRSYL,s3://fh-pi-gilbert-p/agartlan/ncov_tcrs/mira/mira_epitope_220_14_LLALHRSYL.tcrdist3.csv.dill
mira_epitope_221_14_GTITVEELK.tcrdist3.csv.dill,M221_14_GTITVEELK,s3://fh-pi-gilbert-p/agartlan/ncov_tcrs/mira/mira_epitope_221_14_GTITVEELK.tcrdist3.csv.dill
mira_epitope_22_1511_APAHISTI_LIVNSVLLFL_LLFLAFVVFL_SVLLFLAFV.tcrdist3.csv.dill,M22_1511_APAHISTI_LIVNSVLLFL_LLFLAFVVFL_SVLLFLAFV,s3://fh-pi-gilbert-p/agartlan/ncov_tcrs/mira/mira_epitope_22_1511_APAHISTI_LIVNSVLLFL_LLFLAFVVFL_SVLLFLAFV.tcrdist3.csv.dill
mira_epitope_222_13_ALRANSAVK.tcrdist3.csv.dill,M222_13_ALRANSAVK,s3://fh-pi-gilbert-p/agartlan/ncov_tcrs/mira/mira_epitope_222_13_ALRANSAVK.tcrdist3.csv.dill
mira_epitope_223_13_LQLGFSTGV.tcrdist3.csv.dill,M223_13_LQLGFSTGV,s3://fh-pi-gilbert-p/agartlan/ncov_tcrs/mira/mira_epitope_223_13_LQLGFSTGV.tcrdist3.csv.dill
mira_epitope_224_13_REGVFVSNGTHW.tcrdist3.csv.dill,M224_13_REGVFVSNGTHW,s3://fh-pi-gilbert-p/agartlan/ncov_tcrs/mira/mira_epitope_224_13_REGVFVSNGTHW.tcrdist3.csv.dill
mira_epitope_225_12_LPQGFSAL.tcrdist3.csv.dill,M225_12_LPQGFSAL,s3://fh-pi-gilbert-p/agartlan/ncov_tcrs/mira/mira_epitope_225_12_LPQGFSAL.tcrdist3.csv.dill
mira_epitope_226_12_AVLQSGFRK.tcrdist3.csv.dill,M226_12_AVLQSGFRK,s3://fh-pi-gilbert-p/agartlan/ncov_tcrs/mira/mira_epitope_226_12_AVLQSGFRK.tcrdist3.csv.dill
mira_epitope_227_11_FRYMNSQGL.tcrdist3.csv.dill,M227_11_FRYMNSQGL,s3://fh-pi-gilbert-p/agartlan/ncov_tcrs/mira/mira_epitope_227_11_FRYMNSQGL.tcrdist3.csv.dill
mira_epitope_228_11_KLFAAETLK.tcrdist3.csv.dill,M228_11_KLFAAETLK,s3://fh-pi-gilbert-p/agartlan/ncov_tcrs/mira/mira_epitope_228_11_KLFAAETLK.tcrdist3.csv.dill
mira_epitope_229_11_LFARTRSMW_RLFARTRSM.tcrdist3.csv.dill,M229_11_LFARTRSMW_RLFARTRSM,s3://fh-pi-gilbert-p/agartlan/ncov_tcrs/mira/mira_epitope_229_11_LFARTRSMW_RLFARTRSM.tcrdist3.csv.dill
mira_epitope_230_9_IIKNLSKSL_LSKSLTENKY_NLSKSLTENK.tcrdist3.csv.dill,M230_9_IIKNLSKSL_LSKSLTENKY_NLSKSLTENK,s3://fh-pi-gilbert-p/agartlan/ncov_tcrs/mira/mira_epitope_230_9_IIKNLSKSL_LSKSLTENKY_NLSKSLTENK.tcrdist3.csv.dill
mira_epitope_23_1479_DGVYFASTEK_GVYFASTEK_LPFNDGVYF_LPFNDGVYFA_VLPFNDGVY_VLPFNDGVYF.tcrdist3.csv.dill,M23_1479_DGVYFASTEK_GVYFASTEK_LPFNDGVYF_LPFNDGVYFA_VLPFNDGVY_VLPFNDGVYF,s3://fh-pi-gilbert-p/agartlan/ncov_tcrs/mira/mira_epitope_23_1479_DGVYFASTEK_GVYFASTEK_LPFNDGVYF_LPFNDGVYFA_VLPFNDGVY_VLPFNDGVYF.tcrdist3.csv.dill
mira_epitope_231_9_GPKKSTNLV.tcrdist3.csv.dill,M231_9_GPKKSTNLV,s3://fh-pi-gilbert-p/agartlan/ncov_tcrs/mira/mira_epitope_231_9_GPKKSTNLV.tcrdist3.csv.dill
mira_epitope_232_9_LIDLQELGKY_QELGKYEQYI_QELGKYEQYIKW_SLIDLQELGK.tcrdist3.csv.dill,M232_9_LIDLQELGKY_QELGKYEQYI_QELGKYEQYIKW_SLIDLQELGK,s3://fh-pi-gilbert-p/agartlan/ncov_tcrs/mira/mira_epitope_232_9_LIDLQELGKY_QELGKYEQYI_QELGKYEQYIKW_SLIDLQELGK.tcrdist3.csv.dill
mira_epitope_233_9_YVYSRVKNL.tcrdist3.csv.dill,M233_9_YVYSRVKNL,s3://fh-pi-gilbert-p/agartlan/ncov_tcrs/mira/mira_epitope_233_9_YVYSRVKNL.tcrdist3.csv.dill
mira_epitope_234_8_MLWCKDGHV.tcrdist3.csv.dill,M234_8_MLWCKDGHV,s3://fh-pi-gilbert-p/agartlan/ncov_tcrs/mira/mira_epitope_234_8_MLWCKDGHV.tcrdist3.csv.dill
mira_epitope_235_8_FLGRYMSAL.tcrdist3.csv.dill,M235_8_FLGRYMSAL,s3://fh-pi-gilbert-p/agartlan/ncov_tcrs/mira/mira_epitope_235_8_FLGRYMSAL.tcrdist3.csv.dill
mira_epitope_236_8_NGVEGFNCY.tcrdist3.csv.dill,M236_8_NGVEGFNCY,s3://fh-pi-gilbert-p/agartlan/ncov_tcrs/mira/mira_epitope_236_8_NGVEGFNCY.tcrdist3.csv.dill
mira_epitope_237_8_FTEQPIDLVPNQPY.tcrdist3.csv.dill,M237_8_FTEQPIDLVPNQPY,s3://fh-pi-gilbert-p/agartlan/ncov_tcrs/mira/mira_epitope_237_8_FTEQPIDLVPNQPY.tcrdist3.csv.dill
mira_epitope_238_7_IQPGQTFSV.tcrdist3.csv.dill,M238_7_IQPGQTFSV,s3://fh-pi-gilbert-p/agartlan/ncov_tcrs/mira/mira_epitope_238_7_IQPGQTFSV.tcrdist3.csv.dill
mira_epitope_239_7_FVFKNIDGY.tcrdist3.csv.dill,M239_7_FVFKNIDGY,s3://fh-pi-gilbert-p/agartlan/ncov_tcrs/mira/mira_epitope_239_7_FVFKNIDGY.tcrdist3.csv.dill
mira_epitope_240_7_LPNNTASWF.tcrdist3.csv.dill,M240_7_LPNNTASWF,s3://fh-pi-gilbert-p/agartlan/ncov_tcrs/mira/mira_epitope_240_7_LPNNTASWF.tcrdist3.csv.dill
mira_epitope_24_1422_FVCNLLLLFV_LLFVTVYSHL_TVYSHLLLV.tcrdist3.csv.dill,M24_1422_FVCNLLLLFV_LLFVTVYSHL_TVYSHLLLV,s3://fh-pi-gilbert-p/agartlan/ncov_tcrs/mira/mira_epitope_24_1422_FVCNLLLLFV_LLFVTVYSHL_TVYSHLLLV.tcrdist3.csv.dill
mira_epitope_241_7_VVDKYFDCY.tcrdist3.csv.dill,M241_7_VVDKYFDCY,s3://fh-pi-gilbert-p/agartlan/ncov_tcrs/mira/mira_epitope_241_7_VVDKYFDCY.tcrdist3.csv.dill
mira_epitope_242_7_SQASSRSSSR.tcrdist3.csv.dill,M242_7_SQASSRSSSR,s3://fh-pi-gilbert-p/agartlan/ncov_tcrs/mira/mira_epitope_242_7_SQASSRSSSR.tcrdist3.csv.dill
mira_epitope_243_7_TQNVLYENQK.tcrdist3.csv.dill,M243_7_TQNVLYENQK,s3://fh-pi-gilbert-p/agartlan/ncov_tcrs/mira/mira_epitope_243_7_TQNVLYENQK.tcrdist3.csv.dill
mira_epitope_244_7_GTGPEAGLPY.tcrdist3.csv.dill,M244_7_GTGPEAGLPY,s3://fh-pi-gilbert-p/agartlan/ncov_tcrs/mira/mira_epitope_244_7_GTGPEAGLPY.tcrdist3.csv.dill
mira_epitope_245_7_RVGARKSAPL_VGARKSAPL.tcrdist3.csv.dill,M245_7_RVGARKSAPL_VGARKSAPL,s3://fh-pi-gilbert-p/agartlan/ncov_tcrs/mira/mira_epitope_245_7_RVGARKSAPL_VGARKSAPL.tcrdist3.csv.dill
mira_epitope_246_7_KQFDTYNLW.tcrdist3.csv.dill,M246_7_KQFDTYNLW,s3://fh-pi-gilbert-p/agartlan/ncov_tcrs/mira/mira_epitope_246_7_KQFDTYNLW.tcrdist3.csv.dill
mira_epitope_247_7_LSSTASALGK_SSTASALGK.tcrdist3.csv.dill,M247_7_LSSTASALGK_SSTASALGK,s3://fh-pi-gilbert-p/agartlan/ncov_tcrs/mira/mira_epitope_247_7_LSSTASALGK_SSTASALGK.tcrdist3.csv.dill
mira_epitope_248_6_GSFCTQLNR.tcrdist3.csv.dill,M248_6_GSFCTQLNR,s3://fh-pi-gilbert-p/agartlan/ncov_tcrs/mira/mira_epitope_248_6_GSFCTQLNR.tcrdist3.csv.dill
mira_epitope_249_6_ASFNYLKSPNFSK.tcrdist3.csv.dill,M249_6_ASFNYLKSPNFSK,s3://fh-pi-gilbert-p/agartlan/ncov_tcrs/mira/mira_epitope_249_6_ASFNYLKSPNFSK.tcrdist3.csv.dill
mira_epitope_250_6_TQLNRALTGI.tcrdist3.csv.dill,M250_6_TQLNRALTGI,s3://fh-pi-gilbert-p/agartlan/ncov_tcrs/mira/mira_epitope_250_6_TQLNRALTGI.tcrdist3.csv.dill
mira_epitope_25_1389_KLPDDFTGCV.tcrdist3.csv.dill,M25_1389_KLPDDFTGCV,s3://fh-pi-gilbert-p/agartlan/ncov_tcrs/mira/mira_epitope_25_1389_KLPDDFTGCV.tcrdist3.csv.dill
mira_epitope_251_6_RFDNPVLPF.tcrdist3.csv.dill,M251_6_RFDNPVLPF,s3://fh-pi-gilbert-p/agartlan/ncov_tcrs/mira/mira_epitope_251_6_RFDNPVLPF.tcrdist3.csv.dill
mira_epitope_252_6_AVILRGHLR.tcrdist3.csv.dill,M252_6_AVILRGHLR,s3://fh-pi-gilbert-p/agartlan/ncov_tcrs/mira/mira_epitope_252_6_AVILRGHLR.tcrdist3.csv.dill
mira_epitope_253_5_RVDFCGKGY.tcrdist3.csv.dill,M253_5_RVDFCGKGY,s3://fh-pi-gilbert-p/agartlan/ncov_tcrs/mira/mira_epitope_253_5_RVDFCGKGY.tcrdist3.csv.dill
mira_epitope_2_5408_AFPFTIYSL_GYINVFAFPF_INVFAFPFTI_MGYINVFAF_NVFAFPFTI_NVFAFPFTIY_YINVFAFPF.tcrdist3.csv.dill,M2_5408_AFPFTIYSL_GYINVFAFPF_INVFAFPFTI_MGYINVFAF_NVFAFPFTI_NVFAFPFTIY_YINVFAFPF,s3://fh-pi-gilbert-p/agartlan/ncov_tcrs/mira/mira_epitope_2_5408_AFPFTIYSL_GYINVFAFPF_INVFAFPFTI_MGYINVFAF_NVFAFPFTI_NVFAFPFTIY_YINVFAFPF.tcrdist3.csv.dill
mira_epitope_254_5_ILPDPSKPSK.tcrdist3.csv.dill,M254_5_ILPDPSKPSK,s3://fh-pi-gilbert-p/agartlan/ncov_tcrs/mira/mira_epitope_254_5_ILPDPSKPSK.tcrdist3.csv.dill
mira_epitope_255_5_ILLNKHID_ILLNKHIDA.tcrdist3.csv.dill,M255_5_ILLNKHID_ILLNKHIDA,s3://fh-pi-gilbert-p/agartlan/ncov_tcrs/mira/mira_epitope_255_5_ILLNKHID_ILLNKHIDA.tcrdist3.csv.dill
mira_epitope_256_5_ALWEIQQVV.tcrdist3.csv.dill,M256_5_ALWEIQQVV,s3://fh-pi-gilbert-p/agartlan/ncov_tcrs/mira/mira_epitope_256_5_ALWEIQQVV.tcrdist3.csv.dill
mira_epitope_257_5_NMLRIMASL.tcrdist3.csv.dill,M257_5_NMLRIMASL,s3://fh-pi-gilbert-p/agartlan/ncov_tcrs/mira/mira_epitope_257_5_NMLRIMASL.tcrdist3.csv.dill
mira_epitope_258_4_DSFKEELDKY.tcrdist3.csv.dill,M258_4_DSFKEELDKY,s3://fh-pi-gilbert-p/agartlan/ncov_tcrs/mira/mira_epitope_258_4_DSFKEELDKY.tcrdist3.csv.dill
mira_epitope_259_4_RLNEVAKNL.tcrdist3.csv.dill,M259_4_RLNEVAKNL,s3://fh-pi-gilbert-p/agartlan/ncov_tcrs/mira/mira_epitope_259_4_RLNEVAKNL.tcrdist3.csv.dill
mira_epitope_260_4_WIFGTTLDSK.tcrdist3.csv.dill,M260_4_WIFGTTLDSK,s3://fh-pi-gilbert-p/agartlan/ncov_tcrs/mira/mira_epitope_260_4_WIFGTTLDSK.tcrdist3.csv.dill
mira_epitope_26_1380_RQLLFVVEV.tcrdist3.csv.dill,M26_1380_RQLLFVVEV,s3://fh-pi-gilbert-p/agartlan/ncov_tcrs/mira/mira_epitope_26_1380_RQLLFVVEV.tcrdist3.csv.dill
mira_epitope_261_4_AEGSRGGSQA.tcrdist3.csv.dill,M261_4_AEGSRGGSQA,s3://fh-pi-gilbert-p/agartlan/ncov_tcrs/mira/mira_epitope_261_4_AEGSRGGSQA.tcrdist3.csv.dill
mira_epitope_262_4_SSRGTSPAR.tcrdist3.csv.dill,M262_4_SSRGTSPAR,s3://fh-pi-gilbert-p/agartlan/ncov_tcrs/mira/mira_epitope_262_4_SSRGTSPAR.tcrdist3.csv.dill
mira_epitope_263_4_NSRIKASM.tcrdist3.csv.dill,M263_4_NSRIKASM,s3://fh-pi-gilbert-p/agartlan/ncov_tcrs/mira/mira_epitope_263_4_NSRIKASM.tcrdist3.csv.dill
mira_epitope_264_3_NLTTRTQL.tcrdist3.csv.dill,M264_3_NLTTRTQL,s3://fh-pi-gilbert-p/agartlan/ncov_tcrs/mira/mira_epitope_264_3_NLTTRTQL.tcrdist3.csv.dill
mira_epitope_265_3_YQKVGMQKY.tcrdist3.csv.dill,M265_3_YQKVGMQKY,s3://fh-pi-gilbert-p/agartlan/ncov_tcrs/mira/mira_epitope_265_3_YQKVGMQKY.tcrdist3.csv.dill
mira_epitope_266_2_LMIERFVSL.tcrdist3.csv.dill,M266_2_LMIERFVSL,s3://fh-pi-gilbert-p/agartlan/ncov_tcrs/mira/mira_epitope_266_2_LMIERFVSL.tcrdist3.csv.dill
mira_epitope_27_1187_QLMCQPILL_QLMCQPILLL.tcrdist3.csv.dill,M27_1187_QLMCQPILL_QLMCQPILLL,s3://fh-pi-gilbert-p/agartlan/ncov_tcrs/mira/mira_epitope_27_1187_QLMCQPILL_QLMCQPILLL.tcrdist3.csv.dill
mira_epitope_28_1130_LLTDEMIAQY_LTDEMIAQY_LTDEMIAQYT_VLPPLLTDEMIAQY.tcrdist3.csv.dill,M28_1130_LLTDEMIAQY_LTDEMIAQY_LTDEMIAQYT_VLPPLLTDEMIAQY,s3://fh-pi-gilbert-p/agartlan/ncov_tcrs/mira/mira_epitope_28_1130_LLTDEMIAQY_LTDEMIAQY_LTDEMIAQYT_VLPPLLTDEMIAQY.tcrdist3.csv.dill
mira_epitope_29_1097_TVLSFCAFA_VLSFCAFAV.tcrdist3.csv.dill,M29_1097_TVLSFCAFA_VLSFCAFAV,s3://fh-pi-gilbert-p/agartlan/ncov_tcrs/mira/mira_epitope_29_1097_TVLSFCAFA_VLSFCAFAV.tcrdist3.csv.dill
mira_epitope_30_1064_KAYNVTQAF.tcrdist3.csv.dill,M30_1064_KAYNVTQAF,s3://fh-pi-gilbert-p/agartlan/ncov_tcrs/mira/mira_epitope_30_1064_KAYNVTQAF.tcrdist3.csv.dill
mira_epitope_31_981_LLYDANYFL_LLYDANYFLC_LYDANYFLCW_NPLLYDANY_PLLYDANYFL_YDANYFLCW.tcrdist3.csv.dill,M31_981_LLYDANYFL_LLYDANYFLC_LYDANYFLCW_NPLLYDANY_PLLYDANYFL_YDANYFLCW,s3://fh-pi-gilbert-p/agartlan/ncov_tcrs/mira/mira_epitope_31_981_LLYDANYFL_LLYDANYFLC_LYDANYFLCW_NPLLYDANY_PLLYDANYFL_YDANYFLCW.tcrdist3.csv.dill
mira_epitope_32_902_MVMCGGSLYV_VMCGGSLYV.tcrdist3.csv.dill,M32_902_MVMCGGSLYV_VMCGGSLYV,s3://fh-pi-gilbert-p/agartlan/ncov_tcrs/mira/mira_epitope_32_902_MVMCGGSLYV_VMCGGSLYV.tcrdist3.csv.dill
mira_epitope_33_872_YLNTLTLAV.tcrdist3.csv.dill,M33_872_YLNTLTLAV,s3://fh-pi-gilbert-p/agartlan/ncov_tcrs/mira/mira_epitope_33_872_YLNTLTLAV.tcrdist3.csv.dill
mira_epitope_34_872_FLYIIKLIFL_FLYIIKLVFL_LYIIKLIFL_LYIIKLIFLW_RFLYIIKLIF_YIIKLIFLW_YIIKLIFLWL.tcrdist3.csv.dill,M34_872_FLYIIKLIFL_FLYIIKLVFL_LYIIKLIFL_LYIIKLIFLW_RFLYIIKLIF_YIIKLIFLW_YIIKLIFLWL,s3://fh-pi-gilbert-p/agartlan/ncov_tcrs/mira/mira_epitope_34_872_FLYIIKLIFL_FLYIIKLVFL_LYIIKLIFL_LYIIKLIFLW_RFLYIIKLIF_YIIKLIFLW_YIIKLIFLWL.tcrdist3.csv.dill
mira_epitope_3_5344_FVDGVPFVV.tcrdist3.csv.dill,M3_5344_FVDGVPFVV,s3://fh-pi-gilbert-p/agartlan/ncov_tcrs/mira/mira_epitope_3_5344_FVDGVPFVV.tcrdist3.csv.dill
mira_epitope_35_840_TLIGDCATV.tcrdist3.csv.dill,M35_840_TLIGDCATV,s3://fh-pi-gilbert-p/agartlan/ncov_tcrs/mira/mira_epitope_35_840_TLIGDCATV.tcrdist3.csv.dill
mira_epitope_36_838_MPASWVMRI.tcrdist3.csv.dill,M36_838_MPASWVMRI,s3://fh-pi-gilbert-p/agartlan/ncov_tcrs/mira/mira_epitope_36_838_MPASWVMRI.tcrdist3.csv.dill
mira_epitope_37_818_FGEVFNATRF_FNATRFASVY_GEVFNATRF_NATRFASVY.tcrdist3.csv.dill,M37_818_FGEVFNATRF_FNATRFASVY_GEVFNATRF_NATRFASVY,s3://fh-pi-gilbert-p/agartlan/ncov_tcrs/mira/mira_epitope_37_818_FGEVFNATRF_FNATRFASVY_GEVFNATRF_NATRFASVY.tcrdist3.csv.dill
mira_epitope_38_778_ALALLLLDR_GDAALALLLL_LALLLLDRL_LLLDRLNQL_LLLLDRLNQ_LLLLDRLNQL.tcrdist3.csv.dill,M38_778_ALALLLLDR_GDAALALLLL_LALLLLDRL_LLLDRLNQL_LLLLDRLNQ_LLLLDRLNQL,s3://fh-pi-gilbert-p/agartlan/ncov_tcrs/mira/mira_epitope_38_778_ALALLLLDR_GDAALALLLL_LALLLLDRL_LLLDRLNQL_LLLLDRLNQ_LLLLDRLNQL.tcrdist3.csv.dill
mira_epitope_39_778_AIPTNFTISV_AYSNNSIAIPTNF_IPTNFTISV_NSIAIPTNF.tcrdist3.csv.dill,M39_778_AIPTNFTISV_AYSNNSIAIPTNF_IPTNFTISV_NSIAIPTNF,s3://fh-pi-gilbert-p/agartlan/ncov_tcrs/mira/mira_epitope_39_778_AIPTNFTISV_AYSNNSIAIPTNF_IPTNFTISV_NSIAIPTNF.tcrdist3.csv.dill
mira_epitope_40_727_KPLEFGATSAAL.tcrdist3.csv.dill,M40_727_KPLEFGATSAAL,s3://fh-pi-gilbert-p/agartlan/ncov_tcrs/mira/mira_epitope_40_727_KPLEFGATSAAL.tcrdist3.csv.dill
mira_epitope_41_723_ILGTVSWNL_SNEKQEILGTVSW.tcrdist3.csv.dill,M41_723_ILGTVSWNL_SNEKQEILGTVSW,s3://fh-pi-gilbert-p/agartlan/ncov_tcrs/mira/mira_epitope_41_723_ILGTVSWNL_SNEKQEILGTVSW.tcrdist3.csv.dill
mira_epitope_42_710_GEIPVAYRKVLL_VPHVGEIPVAY.tcrdist3.csv.dill,M42_710_GEIPVAYRKVLL_VPHVGEIPVAY,s3://fh-pi-gilbert-p/agartlan/ncov_tcrs/mira/mira_epitope_42_710_GEIPVAYRKVLL_VPHVGEIPVAY.tcrdist3.csv.dill
mira_epitope_43_704_FFSNVTWFH_FLPFFSNVT_LPFFSNVTW_LPFFSNVTWF_PFFSNVTWF_SNVTWFHAI.tcrdist3.csv.dill,M43_704_FFSNVTWFH_FLPFFSNVT_LPFFSNVTW_LPFFSNVTWF_PFFSNVTWF_SNVTWFHAI,s3://fh-pi-gilbert-p/agartlan/ncov_tcrs/mira/mira_epitope_43_704_FFSNVTWFH_FLPFFSNVT_LPFFSNVTW_LPFFSNVTWF_PFFSNVTWF_SNVTWFHAI.tcrdist3.csv.dill
mira_epitope_44_697_FPPTSFGPL.tcrdist3.csv.dill,M44_697_FPPTSFGPL,s3://fh-pi-gilbert-p/agartlan/ncov_tcrs/mira/mira_epitope_44_697_FPPTSFGPL.tcrdist3.csv.dill
mira_epitope_4_5245_FLWLLWPVT_FLWLLWPVTL_LWLLWPVTL_LWPVTLACF_TLACFVLAAV_WLLWPVTLA_WPVTLACFVL.tcrdist3.csv.dill,M4_5245_FLWLLWPVT_FLWLLWPVTL_LWLLWPVTL_LWPVTLACF_TLACFVLAAV_WLLWPVTLA_WPVTLACFVL,s3://fh-pi-gilbert-p/agartlan/ncov_tcrs/mira/mira_epitope_4_5245_FLWLLWPVT_FLWLLWPVTL_LWLLWPVTL_LWPVTLACF_TLACFVLAAV_WLLWPVTLA_WPVTLACFVL.tcrdist3.csv.dill
mira_epitope_45_689_SYFTSDYYQL_VLHSYFTSDY_YFTSDYYQLY.tcrdist3.csv.dill,M45_689_SYFTSDYYQL_VLHSYFTSDY_YFTSDYYQLY,s3://fh-pi-gilbert-p/agartlan/ncov_tcrs/mira/mira_epitope_45_689_SYFTSDYYQL_VLHSYFTSDY_YFTSDYYQLY.tcrdist3.csv.dill
mira_epitope_46_632_ASQSIIAYTM_RSVASQSII_SIIAYTMSL_SQSIIAYTM_VASQSIIAY.tcrdist3.csv.dill,M46_632_ASQSIIAYTM_RSVASQSII_SIIAYTMSL_SQSIIAYTM_VASQSIIAY,s3://fh-pi-gilbert-p/agartlan/ncov_tcrs/mira/mira_epitope_46_632_ASQSIIAYTM_RSVASQSII_SIIAYTMSL_SQSIIAYTM_VASQSIIAY.tcrdist3.csv.dill
mira_epitope_47_628_WICLLQFAY.tcrdist3.csv.dill,M47_628_WICLLQFAY,s3://fh-pi-gilbert-p/agartlan/ncov_tcrs/mira/mira_epitope_47_628_WICLLQFAY.tcrdist3.csv.dill
mira_epitope_48_610_YLQPRTFL_YLQPRTFLL_YYVGYLQPRTF.tcrdist3.csv.dill,M48_610_YLQPRTFL_YLQPRTFLL_YYVGYLQPRTF,s3://fh-pi-gilbert-p/agartlan/ncov_tcrs/mira/mira_epitope_48_610_YLQPRTFL_YLQPRTFLL_YYVGYLQPRTF.tcrdist3.csv.dill
mira_epitope_49_592_FKVSIWNLDY_ILLIIMRTFK_IMRTFKVSI_KVSIWNLDY_KVSIWNLDYI_LIIMRTFKV_RTFKVSIWNL_SIWNLDYII_TFKVSIWNL_VSIWNLDYII.tcrdist3.csv.dill,M49_592_FKVSIWNLDY_ILLIIMRTFK_IMRTFKVSI_KVSIWNLDY_KVSIWNLDYI_LIIMRTFKV_RTFKVSIWNL_SIWNLDYII_TFKVSIWNL_VSIWNLDYII,s3://fh-pi-gilbert-p/agartlan/ncov_tcrs/mira/mira_epitope_49_592_FKVSIWNLDY_ILLIIMRTFK_IMRTFKVSI_KVSIWNLDY_KVSIWNLDYI_LIIMRTFKV_RTFKVSIWNL_SIWNLDYII_TFKVSIWNL_VSIWNLDYII.tcrdist3.csv.dill
mira_epitope_50_546_YIFFASFYY.tcrdist3.csv.dill,M50_546_YIFFASFYY,s3://fh-pi-gilbert-p/agartlan/ncov_tcrs/mira/mira_epitope_50_546_YIFFASFYY.tcrdist3.csv.dill
mira_epitope_51_546_AYKTFPPTEPK_KTFPPTEPK.tcrdist3.csv.dill,M51_546_AYKTFPPTEPK_KTFPPTEPK,s3://fh-pi-gilbert-p/agartlan/ncov_tcrs/mira/mira_epitope_51_546_AYKTFPPTEPK_KTFPPTEPK.tcrdist3.csv.dill
mira_epitope_52_537_LEPLVDLPI.tcrdist3.csv.dill,M52_537_LEPLVDLPI,s3://fh-pi-gilbert-p/agartlan/ncov_tcrs/mira/mira_epitope_52_537_LEPLVDLPI.tcrdist3.csv.dill
mira_epitope_53_532_NYLYRLFRK_NYNYLYRLF.tcrdist3.csv.dill,M53_532_NYLYRLFRK_NYNYLYRLF,s3://fh-pi-gilbert-p/agartlan/ncov_tcrs/mira/mira_epitope_53_532_NYLYRLFRK_NYNYLYRLF.tcrdist3.csv.dill
mira_epitope_54_527_KLWAQCVQL.tcrdist3.csv.dill,M54_527_KLWAQCVQL,s3://fh-pi-gilbert-p/agartlan/ncov_tcrs/mira/mira_epitope_54_527_KLWAQCVQL.tcrdist3.csv.dill
mira_epitope_5_4864_FLNGSCGSV.tcrdist3.csv.dill,M5_4864_FLNGSCGSV,s3://fh-pi-gilbert-p/agartlan/ncov_tcrs/mira/mira_epitope_5_4864_FLNGSCGSV.tcrdist3.csv.dill
mira_epitope_55_524_ALRKVPTDNYITTY_KVPTDNYITTY.tcrdist3.csv.dill,M55_524_ALRKVPTDNYITTY_KVPTDNYITTY,s3://fh-pi-gilbert-p/agartlan/ncov_tcrs/mira/mira_epitope_55_524_ALRKVPTDNYITTY_KVPTDNYITTY.tcrdist3.csv.dill
mira_epitope_56_517_YLDAYNMMI.tcrdist3.csv.dill,M56_517_YLDAYNMMI,s3://fh-pi-gilbert-p/agartlan/ncov_tcrs/mira/mira_epitope_56_517_YLDAYNMMI.tcrdist3.csv.dill
mira_epitope_57_512_CELYHYQECV_ITLATCELY_LITLATCELY_TLATCELYHY.tcrdist3.csv.dill,M57_512_CELYHYQECV_ITLATCELY_LITLATCELY_TLATCELYHY,s3://fh-pi-gilbert-p/agartlan/ncov_tcrs/mira/mira_epitope_57_512_CELYHYQECV_ITLATCELY_LITLATCELY_TLATCELYHY.tcrdist3.csv.dill
mira_epitope_58_447_APSASAFFGM_AQFAPSASA_ASAFFGMSR_SASAFFGMSR.tcrdist3.csv.dill,M58_447_APSASAFFGM_AQFAPSASA_ASAFFGMSR_SASAFFGMSR,s3://fh-pi-gilbert-p/agartlan/ncov_tcrs/mira/mira_epitope_58_447_APSASAFFGM_AQFAPSASA_ASAFFGMSR_SASAFFGMSR.tcrdist3.csv.dill
mira_epitope_59_439_ILGLPTQTV.tcrdist3.csv.dill,M59_439_ILGLPTQTV,s3://fh-pi-gilbert-p/agartlan/ncov_tcrs/mira/mira_epitope_59_439_ILGLPTQTV.tcrdist3.csv.dill
mira_epitope_60_436_MWSFNPETNI_SFNPETNIL_SMWSFNPET.tcrdist3.csv.dill,M60_436_MWSFNPETNI_SFNPETNIL_SMWSFNPET,s3://fh-pi-gilbert-p/agartlan/ncov_tcrs/mira/mira_epitope_60_436_MWSFNPETNI_SFNPETNIL_SMWSFNPET.tcrdist3.csv.dill
mira_epitope_61_428_GRLQSLQTY_LITGRLQSL_RLQSLQTYV.tcrdist3.csv.dill,M61_428_GRLQSLQTY_LITGRLQSL_RLQSLQTYV,s3://fh-pi-gilbert-p/agartlan/ncov_tcrs/mira/mira_epitope_61_428_GRLQSLQTY_LITGRLQSL_RLQSLQTYV.tcrdist3.csv.dill
mira_epitope_62_410_CFTNVYADSF_FTNVYADSF_FTNVYADSFV_KLNDLCFTNV_LNDLCFTNVY_NVYADSFVIR_VYADSFVIR.tcrdist3.csv.dill,M62_410_CFTNVYADSF_FTNVYADSF_FTNVYADSFV_KLNDLCFTNV_LNDLCFTNVY_NVYADSFVIR_VYADSFVIR,s3://fh-pi-gilbert-p/agartlan/ncov_tcrs/mira/mira_epitope_62_410_CFTNVYADSF_FTNVYADSF_FTNVYADSFV_KLNDLCFTNV_LNDLCFTNVY_NVYADSFVIR_VYADSFVIR.tcrdist3.csv.dill
mira_epitope_63_406_CTFEYVSQPF_EYVSQPFLM_FEYVSQPFL.tcrdist3.csv.dill,M63_406_CTFEYVSQPF_EYVSQPFLM_FEYVSQPFL,s3://fh-pi-gilbert-p/agartlan/ncov_tcrs/mira/mira_epitope_63_406_CTFEYVSQPF_EYVSQPFLM_FEYVSQPFL.tcrdist3.csv.dill
mira_epitope_64_402_YFPLQSYGF.tcrdist3.csv.dill,M64_402_YFPLQSYGF,s3://fh-pi-gilbert-p/agartlan/ncov_tcrs/mira/mira_epitope_64_402_YFPLQSYGF.tcrdist3.csv.dill
mira_epitope_6_4733_KLSYGIATV.tcrdist3.csv.dill,M6_4733_KLSYGIATV,s3://fh-pi-gilbert-p/agartlan/ncov_tcrs/mira/mira_epitope_6_4733_KLSYGIATV.tcrdist3.csv.dill
mira_epitope_65_396_TMADLVYAL_YTMADLVYA.tcrdist3.csv.dill,M65_396_TMADLVYAL_YTMADLVYA,s3://fh-pi-gilbert-p/agartlan/ncov_tcrs/mira/mira_epitope_65_396_TMADLVYAL_YTMADLVYA.tcrdist3.csv.dill
mira_epitope_66_395_STGSNVFQTR_TGSNVFQTR_VYSTGSNVF.tcrdist3.csv.dill,M66_395_STGSNVFQTR_TGSNVFQTR_VYSTGSNVF,s3://fh-pi-gilbert-p/agartlan/ncov_tcrs/mira/mira_epitope_66_395_STGSNVFQTR_TGSNVFQTR_VYSTGSNVF.tcrdist3.csv.dill
mira_epitope_67_382_APHGVVFL_APHGVVFLHV_GVVFLHVTY_VVFLHVTYV.tcrdist3.csv.dill,M67_382_APHGVVFL_APHGVVFLHV_GVVFLHVTY_VVFLHVTYV,s3://fh-pi-gilbert-p/agartlan/ncov_tcrs/mira/mira_epitope_67_382_APHGVVFL_APHGVVFLHV_GVVFLHVTY_VVFLHVTYV.tcrdist3.csv.dill
mira_epitope_68_374_ILHCANFNV.tcrdist3.csv.dill,M68_374_ILHCANFNV,s3://fh-pi-gilbert-p/agartlan/ncov_tcrs/mira/mira_epitope_68_374_ILHCANFNV.tcrdist3.csv.dill
mira_epitope_69_346_KLNVGDYFV.tcrdist3.csv.dill,M69_346_KLNVGDYFV,s3://fh-pi-gilbert-p/agartlan/ncov_tcrs/mira/mira_epitope_69_346_KLNVGDYFV.tcrdist3.csv.dill
mira_epitope_70_345_DTDFVNEFYAY_NRDVDTDFVNEFY.tcrdist3.csv.dill,M70_345_DTDFVNEFYAY_NRDVDTDFVNEFY,s3://fh-pi-gilbert-p/agartlan/ncov_tcrs/mira/mira_epitope_70_345_DTDFVNEFYAY_NRDVDTDFVNEFY.tcrdist3.csv.dill
mira_epitope_71_344_FLCLFLLPSL_FLLPSLATV.tcrdist3.csv.dill,M71_344_FLCLFLLPSL_FLLPSLATV,s3://fh-pi-gilbert-p/agartlan/ncov_tcrs/mira/mira_epitope_71_344_FLCLFLLPSL_FLLPSLATV.tcrdist3.csv.dill
mira_epitope_72_343_NPANNAAIV_NPANNAAIVL_RNPANNAAIV.tcrdist3.csv.dill,M72_343_NPANNAAIV_NPANNAAIVL_RNPANNAAIV,s3://fh-pi-gilbert-p/agartlan/ncov_tcrs/mira/mira_epitope_72_343_NPANNAAIV_NPANNAAIVL_RNPANNAAIV.tcrdist3.csv.dill
mira_epitope_73_338_VDDPCPIHFY_VVDDPCPIHFY_YVVDDPCPI.tcrdist3.csv.dill,M73_338_VDDPCPIHFY_VVDDPCPIHFY_YVVDDPCPI,s3://fh-pi-gilbert-p/agartlan/ncov_tcrs/mira/mira_epitope_73_338_VDDPCPIHFY_VVDDPCPIHFY_YVVDDPCPI.tcrdist3.csv.dill
mira_epitope_74_329_GNYTVSCLPF_NYTVSCLPF_YTVSCLPFTI.tcrdist3.csv.dill,M74_329_GNYTVSCLPF_NYTVSCLPF_YTVSCLPFTI,s3://fh-pi-gilbert-p/agartlan/ncov_tcrs/mira/mira_epitope_74_329_GNYTVSCLPF_NYTVSCLPF_YTVSCLPFTI.tcrdist3.csv.dill
mira_epitope_7_4448_SEHDYQIGGYTEKW_YQIGGYTEK_YQIGGYTEKW.tcrdist3.csv.dill,M7_4448_SEHDYQIGGYTEKW_YQIGGYTEK_YQIGGYTEKW,s3://fh-pi-gilbert-p/agartlan/ncov_tcrs/mira/mira_epitope_7_4448_SEHDYQIGGYTEKW_YQIGGYTEK_YQIGGYTEKW.tcrdist3.csv.dill
mira_epitope_75_321_ITDVFYKENSY_SEYKGPITDVFY.tcrdist3.csv.dill,M75_321_ITDVFYKENSY_SEYKGPITDVFY,s3://fh-pi-gilbert-p/agartlan/ncov_tcrs/mira/mira_epitope_75_321_ITDVFYKENSY_SEYKGPITDVFY.tcrdist3.csv.dill
mira_epitope_76_299_SEVGPEHSLAEY.tcrdist3.csv.dill,M76_299_SEVGPEHSLAEY,s3://fh-pi-gilbert-p/agartlan/ncov_tcrs/mira/mira_epitope_76_299_SEVGPEHSLAEY.tcrdist3.csv.dill
mira_epitope_77_299_FIASFRLFA_SYFIASFRLF_YFIASFRLF_YFIASFRLFA.tcrdist3.csv.dill,M77_299_FIASFRLFA_SYFIASFRLF_YFIASFRLF_YFIASFRLFA,s3://fh-pi-gilbert-p/agartlan/ncov_tcrs/mira/mira_epitope_77_299_FIASFRLFA_SYFIASFRLF_YFIASFRLF_YFIASFRLFA.tcrdist3.csv.dill
mira_epitope_78_280_GVEHVTFFIY_HVTFFIYNK_STDTGVEHVTFFIY_VEHVTFFIY.tcrdist3.csv.dill,M78_280_GVEHVTFFIY_HVTFFIYNK_STDTGVEHVTFFIY_VEHVTFFIY,s3://fh-pi-gilbert-p/agartlan/ncov_tcrs/mira/mira_epitope_78_280_GVEHVTFFIY_HVTFFIYNK_STDTGVEHVTFFIY_VEHVTFFIY.tcrdist3.csv.dill
mira_epitope_79_274_TPINLVRDL.tcrdist3.csv.dill,M79_274_TPINLVRDL,s3://fh-pi-gilbert-p/agartlan/ncov_tcrs/mira/mira_epitope_79_274_TPINLVRDL.tcrdist3.csv.dill
mira_epitope_80_274_FIAGLIAIV.tcrdist3.csv.dill,M80_274_FIAGLIAIV,s3://fh-pi-gilbert-p/agartlan/ncov_tcrs/mira/mira_epitope_80_274_FIAGLIAIV.tcrdist3.csv.dill
mira_epitope_81_273_EILDITPCSF.tcrdist3.csv.dill,M81_273_EILDITPCSF,s3://fh-pi-gilbert-p/agartlan/ncov_tcrs/mira/mira_epitope_81_273_EILDITPCSF.tcrdist3.csv.dill
mira_epitope_82_270_TLVPQEHYV.tcrdist3.csv.dill,M82_270_TLVPQEHYV,s3://fh-pi-gilbert-p/agartlan/ncov_tcrs/mira/mira_epitope_82_270_TLVPQEHYV.tcrdist3.csv.dill
mira_epitope_8_2512_APKEIIFL_KEIIFLEGETL.tcrdist3.csv.dill,M8_2512_APKEIIFL_KEIIFLEGETL,s3://fh-pi-gilbert-p/agartlan/ncov_tcrs/mira/mira_epitope_8_2512_APKEIIFL_KEIIFLEGETL.tcrdist3.csv.dill
mira_epitope_83_260_AEVQIDRLI_AEVQIDRLIT_VEAEVQIDRL_VQIDRLITGR.tcrdist3.csv.dill,M83_260_AEVQIDRLI_AEVQIDRLIT_VEAEVQIDRL_VQIDRLITGR,s3://fh-pi-gilbert-p/agartlan/ncov_tcrs/mira/mira_epitope_83_260_AEVQIDRLI_AEVQIDRLIT_VEAEVQIDRL_VQIDRLITGR.tcrdist3.csv.dill
mira_epitope_84_254_HPLADNKFAL_SPFHPLADNKFAL.tcrdist3.csv.dill,M84_254_HPLADNKFAL_SPFHPLADNKFAL,s3://fh-pi-gilbert-p/agartlan/ncov_tcrs/mira/mira_epitope_84_254_HPLADNKFAL_SPFHPLADNKFAL.tcrdist3.csv.dill
mira_epitope_85_253_ALSKGVHFV.tcrdist3.csv.dill,M85_253_ALSKGVHFV,s3://fh-pi-gilbert-p/agartlan/ncov_tcrs/mira/mira_epitope_85_253_ALSKGVHFV.tcrdist3.csv.dill
mira_epitope_86_232_ITEEVGHTDLMAAY.tcrdist3.csv.dill,M86_232_ITEEVGHTDLMAAY,s3://fh-pi-gilbert-p/agartlan/ncov_tcrs/mira/mira_epitope_86_232_ITEEVGHTDLMAAY.tcrdist3.csv.dill
mira_epitope_87_225_VVYRGTTTY.tcrdist3.csv.dill,M87_225_VVYRGTTTY,s3://fh-pi-gilbert-p/agartlan/ncov_tcrs/mira/mira_epitope_87_225_VVYRGTTTY.tcrdist3.csv.dill
mira_epitope_88_220_FERDISTEI_FERDISTEIY_KPFERDISTEI.tcrdist3.csv.dill,M88_220_FERDISTEI_FERDISTEIY_KPFERDISTEI,s3://fh-pi-gilbert-p/agartlan/ncov_tcrs/mira/mira_epitope_88_220_FERDISTEI_FERDISTEIY_KPFERDISTEI.tcrdist3.csv.dill
mira_epitope_89_218_ATSRTLSYY_ATSRTLSYYK_TSRTLSYYK_TVATSRTLSY.tcrdist3.csv.dill,M89_218_ATSRTLSYY_ATSRTLSYYK_TSRTLSYYK_TVATSRTLSY,s3://fh-pi-gilbert-p/agartlan/ncov_tcrs/mira/mira_epitope_89_218_ATSRTLSYY_ATSRTLSYYK_TSRTLSYYK_TVATSRTLSY.tcrdist3.csv.dill
mira_epitope_90_216_GYQPYRVVVL_PYRVVVLSF_QPYRVVVL_QPYRVVVLSF.tcrdist3.csv.dill,M90_216_GYQPYRVVVL_PYRVVVLSF_QPYRVVVL_QPYRVVVLSF,s3://fh-pi-gilbert-p/agartlan/ncov_tcrs/mira/mira_epitope_90_216_GYQPYRVVVL_PYRVVVLSF_QPYRVVVL_QPYRVVVLSF.tcrdist3.csv.dill
mira_epitope_91_215_FPQSAPHGV_FPQSAPHGVVF.tcrdist3.csv.dill,M91_215_FPQSAPHGV_FPQSAPHGVVF,s3://fh-pi-gilbert-p/agartlan/ncov_tcrs/mira/mira_epitope_91_215_FPQSAPHGV_FPQSAPHGVVF.tcrdist3.csv.dill
mira_epitope_92_214_FLNRFTTTL.tcrdist3.csv.dill,M92_214_FLNRFTTTL,s3://fh-pi-gilbert-p/agartlan/ncov_tcrs/mira/mira_epitope_92_214_FLNRFTTTL.tcrdist3.csv.dill
mira_epitope_9_2477_FLQSINFVR_FLQSINFVRI_FLYLYALVYF_GLEAPFLYLY_INFVRIIMR_LQSINFVRI_LQSINFVRII_QSINFVRII_SINFVRIIMR_VYFLQSINF_VYFLQSINFV_YFLQSINFVR_YLYALVYFL.tcrdist3.csv.dill,M9_2477_FLQSINFVR_FLQSINFVRI_FLYLYALVYF_GLEAPFLYLY_INFVRIIMR_LQSINFVRI_LQSINFVRII_QSINFVRII_SINFVRIIMR_VYFLQSINF_VYFLQSINFV_YFLQSINFVR_YLYALVYFL,s3://fh-pi-gilbert-p/agartlan/ncov_tcrs/mira/mira_epitope_9_2477_FLQSINFVR_FLQSINFVRI_FLYLYALVYF_GLEAPFLYLY_INFVRIIMR_LQSINFVRI_LQSINFVRII_QSINFVRII_SINFVRIIMR_VYFLQSINF_VYFLQSINFV_YFLQSINFVR_YLYALVYFL.tcrdist3.csv.dill
mira_epitope_93_214_IQYIDIGNY.tcrdist3.csv.dill,M93_214_IQYIDIGNY,s3://fh-pi-gilbert-p/agartlan/ncov_tcrs/mira/mira_epitope_93_214_IQYIDIGNY.tcrdist3.csv.dill
mira_epitope_94_212_NLNESLIDL.tcrdist3.csv.dill,M94_212_NLNESLIDL,s3://fh-pi-gilbert-p/agartlan/ncov_tcrs/mira/mira_epitope_94_212_NLNESLIDL.tcrdist3.csv.dill
mira_epitope_95_210_FTISVTTEIL.tcrdist3.csv.dill,M95_210_FTISVTTEIL,s3://fh-pi-gilbert-p/agartlan/ncov_tcrs/mira/mira_epitope_95_210_FTISVTTEIL.tcrdist3.csv.dill
mira_epitope_96_197_SSANNCTFEY_VYSSANNCTF.tcrdist3.csv.dill,M96_197_SSANNCTFEY_VYSSANNCTF,s3://fh-pi-gilbert-p/agartlan/ncov_tcrs/mira/mira_epitope_96_197_SSANNCTFEY_VYSSANNCTF.tcrdist3.csv.dill
mira_epitope_97_194_SEISMDNSPNL.tcrdist3.csv.dill,M97_194_SEISMDNSPNL,s3://fh-pi-gilbert-p/agartlan/ncov_tcrs/mira/mira_epitope_97_194_SEISMDNSPNL.tcrdist3.csv.dill
mira_epitope_98_194_FAYANRNRF_LQFAYANRNR_YANRNRFLY.tcrdist3.csv.dill,M98_194_FAYANRNRF_LQFAYANRNR_YANRNRFLY,s3://fh-pi-gilbert-p/agartlan/ncov_tcrs/mira/mira_epitope_98_194_FAYANRNRF_LQFAYANRNR_YANRNRFLY.tcrdist3.csv.dill
mira_epitope_99_191_QECVRGTTVL.tcrdist3.csv.dill,M99_191_QECVRGTTVL,s3://fh-pi-gilbert-p/agartlan/ncov_tcrs/mira/mira_epitope_99_191_QECVRGTTVL.tcrdist3.csv.dill
